[{"name":"أذربيجان","code":"AZ"},{"name":"أسبانيا","code":"ES"},{"name":"أستراليا","code":"AU"},{"name":"إستونيا","code":"EE"},{"name":"إسرائيل","code":"IL"},{"name":"الأرجنتين","code":"AR"},{"name":"الأردن","code":"JO"},{"name":"الإكوادور","code":"EC"},{"name":"الإمارات العربية المتحدة","code":"AE"},{"name":"البحرين","code":"BH"},{"name":"البرازيل","code":"BR"},{"name":"البرتغال","code":"PT"},{"name":"البوسنة والهرسك","code":"BA"},{"name":"الجبل الأسود","code":"ME"},{"name":"الجزائر","code":"DZ"},{"name":"الدنمارك","code":"DK"},{"name":"السلفادور","code":"SV"},{"name":"السنغال","code":"SN"},{"name":"السويد","code":"SE"},{"name":"العراق","code":"IQ"},{"name":"الفيليبين","code":"PH"},{"name":"الكويت","code":"KW"},{"name":"ألمانيا","code":"DE"},{"name":"المجر","code":"HU"},{"name":"المغرب","code":"MA"},{"name":"المكسيك","code":"MX"},{"name":"المملكة العربية السعودية","code":"SA"},{"name":"المملكة المتحدة","code":"GB"},{"name":"النرويج","code":"NO"},{"name":"النمسا","code":"AT"},{"name":"الهند","code":"IN"},{"name":"الولايات المتحدة","code":"US"},{"name":"اليابان","code":"JP"},{"name":"اليمن","code":"YE"},{"name":"اليونان","code":"GR"},{"name":"إندونيسيا","code":"ID"},{"name":"أورغواي","code":"UY"},{"name":"أوغندا","code":"UG"},{"name":"أوكرانيا","code":"UA"},{"name":"أيرلندا","code":"IE"},{"name":"أيسلندا","code":"IS"},{"name":"إيطاليا","code":"IT"},{"name":"بابوا غينيا الجديدة","code":"PG"},{"name":"باراغواي","code":"PY"},{"name":"باكستان","code":"PK"},{"name":"بلجيكا","code":"BE"},{"name":"بلغاريا","code":"BG"},{"name":"بنغلاديش","code":"BD"},{"name":"بنما","code":"PA"},{"name":"بورتوريكو","code":"PR"},{"name":"بولندا","code":"PL"},{"name":"بوليفيا","code":"BO"},{"name":"بيرو","code":"PE"},{"name":"بيلاروسيا","code":"BY"},{"name":"تايلاند","code":"TH"},{"name":"تايوان","code":"TW"},{"name":"تركيا","code":"TR"},{"name":"تشيكيا","code":"CZ"},{"name":"تشيلي","code":"CL"},{"name":"تنزانيا","code":"TZ"},{"name":"تونس","code":"TN"},{"name":"جامايكا","code":"JM"},{"name":"جمهورية الدومينكان","code":"DO"},{"name":"جنوب إفريقيا","code":"ZA"},{"name":"جورجيا","code":"GE"},{"name":"روسيا","code":"RU"},{"name":"رومانيا","code":"RO"},{"name":"زيمبابوي","code":"ZW"},{"name":"سريلانكا","code":"LK"},{"name":"سلوفاكيا","code":"SK"},{"name":"سلوفينيا","code":"SI"},{"name":"سنغافورة","code":"SG"},{"name":"سويسرا","code":"CH"},{"name":"شمال مقدونيا","code":"MK"},{"name":"صربيا","code":"RS"},{"name":"عُمان","code":"OM"},{"name":"غانا","code":"GH"},{"name":"غواتيمالا","code":"GT"},{"name":"فرنسا","code":"FR"},{"name":"فنزويلا","code":"VE"},{"name":"فنلندا","code":"FI"},{"name":"فيتنام","code":"VN"},{"name":"قبرص","code":"CY"},{"name":"قطر","code":"QA"},{"name":"كازاخستان","code":"KZ"},{"name":"كرواتيا","code":"HR"},{"name":"كمبوديا","code":"KH"},{"name":"كندا","code":"CA"},{"name":"كوريا الجنوبية","code":"KR"},{"name":"كوستاريكا","code":"CR"},{"name":"كولومبيا","code":"CO"},{"name":"كينيا","code":"KE"},{"name":"لاتفيا","code":"LV"},{"name":"لاوس","code":"LA"},{"name":"لبنان","code":"LB"},{"name":"لوكسمبورغ","code":"LU"},{"name":"ليبيا","code":"LY"},{"name":"ليتوانيا","code":"LT"},{"name":"ليشتنشتاين","code":"LI"},{"name":"مالطة","code":"MT"},{"name":"ماليزيا","code":"MY"},{"name":"مصر","code":"EG"},{"name":"مولدوفا","code":"MD"},{"name":"نيبال","code":"NP"},{"name":"نيجيريا","code":"NG"},{"name":"نيكاراغوا","code":"NI"},{"name":"نيوزيلندا","code":"NZ"},{"name":"هندوراس","code":"HN"},{"name":"هولندا","code":"NL"},{"name":"هونغ كونغ","code":"HK"}]