[{"name":"Аб’ядн. Арабскія Эміраты","code":"AE"},{"name":"Азербайджан","code":"AZ"},{"name":"Алжыр","code":"DZ"},{"name":"Аман","code":"OM"},{"name":"Аргенціна","code":"AR"},{"name":"Аўстралія","code":"AU"},{"name":"Аўстрыя","code":"AT"},{"name":"Балгарыя","code":"BG"},{"name":"Балівія","code":"BO"},{"name":"Бангладэш","code":"BD"},{"name":"Бахрэйн","code":"BH"},{"name":"Беларусь","code":"BY"},{"name":"Бельгія","code":"BE"},{"name":"Боснія і Герцагавіна","code":"BA"},{"name":"Бразілія","code":"BR"},{"name":"В’етнам","code":"VN"},{"name":"Венгрыя","code":"HU"},{"name":"Венесуэла","code":"VE"},{"name":"Вялікабрытанія","code":"GB"},{"name":"Гана","code":"GH"},{"name":"Гандурас","code":"HN"},{"name":"Ганконг","code":"HK"},{"name":"Гватэмала","code":"GT"},{"name":"Германія","code":"DE"},{"name":"Грузія","code":"GE"},{"name":"Грэцыя","code":"GR"},{"name":"Дамініканская Рэспубліка","code":"DO"},{"name":"Данія","code":"DK"},{"name":"Егіпет","code":"EG"},{"name":"Емен","code":"YE"},{"name":"Зімбабвэ","code":"ZW"},{"name":"Злучаныя Штаты Амерыкі","code":"US"},{"name":"Іарданія","code":"JO"},{"name":"Ізраіль","code":"IL"},{"name":"Інданезія","code":"ID"},{"name":"Індыя","code":"IN"},{"name":"Ірак","code":"IQ"},{"name":"Ірландыя","code":"IE"},{"name":"Ісландыя","code":"IS"},{"name":"Іспанія","code":"ES"},{"name":"Італія","code":"IT"},{"name":"Казахстан","code":"KZ"},{"name":"Калумбія","code":"CO"},{"name":"Камбоджа","code":"KH"},{"name":"Канада","code":"CA"},{"name":"Катар","code":"QA"},{"name":"Кенія","code":"KE"},{"name":"Кіпр","code":"CY"},{"name":"Коста-Рыка","code":"CR"},{"name":"Кувейт","code":"KW"},{"name":"Лаос","code":"LA"},{"name":"Латвія","code":"LV"},{"name":"Ліван","code":"LB"},{"name":"Лівія","code":"LY"},{"name":"Літва","code":"LT"},{"name":"Ліхтэнштэйн","code":"LI"},{"name":"Люксембург","code":"LU"},{"name":"Малайзія","code":"MY"},{"name":"Малдова","code":"MD"},{"name":"Мальта","code":"MT"},{"name":"Марока","code":"MA"},{"name":"Мексіка","code":"MX"},{"name":"Нарвегія","code":"NO"},{"name":"Непал","code":"NP"},{"name":"Нігерыя","code":"NG"},{"name":"Нідэрланды","code":"NL"},{"name":"Нікарагуа","code":"NI"},{"name":"Новая Зеландыя","code":"NZ"},{"name":"Пакістан","code":"PK"},{"name":"Панама","code":"PA"},{"name":"Папуа – Новая Гвінея","code":"PG"},{"name":"Парагвай","code":"PY"},{"name":"Партугалія","code":"PT"},{"name":"Паўднёвая Афрыка","code":"ZA"},{"name":"Паўднёвая Карэя","code":"KR"},{"name":"Паўночная Македонія","code":"MK"},{"name":"Перу","code":"PE"},{"name":"Польшча","code":"PL"},{"name":"Пуэрта-Рыка","code":"PR"},{"name":"Расія","code":"RU"},{"name":"Румынія","code":"RO"},{"name":"Саудаўская Аравія","code":"SA"},{"name":"Сенегал","code":"SN"},{"name":"Сербія","code":"RS"},{"name":"Сінгапур","code":"SG"},{"name":"Славакія","code":"SK"},{"name":"Славенія","code":"SI"},{"name":"Тайвань","code":"TW"},{"name":"Тайланд","code":"TH"},{"name":"Танзанія","code":"TZ"},{"name":"Туніс","code":"TN"},{"name":"Турцыя","code":"TR"},{"name":"Уганда","code":"UG"},{"name":"Украіна","code":"UA"},{"name":"Уругвай","code":"UY"},{"name":"Філіпіны","code":"PH"},{"name":"Фінляндыя","code":"FI"},{"name":"Францыя","code":"FR"},{"name":"Харватыя","code":"HR"},{"name":"Чарнагорыя","code":"ME"},{"name":"Чылі","code":"CL"},{"name":"Чэхія","code":"CZ"},{"name":"Швейцарыя","code":"CH"},{"name":"Швецыя","code":"SE"},{"name":"Шры-Ланка","code":"LK"},{"name":"Эквадор","code":"EC"},{"name":"Эль-Сальвадор","code":"SV"},{"name":"Эстонія","code":"EE"},{"name":"Ямайка","code":"JM"},{"name":"Японія","code":"JP"}]