[{"name":"Alemanya","code":"DE"},{"name":"Algèria","code":"DZ"},{"name":"Aràbia Saudita","code":"SA"},{"name":"Argentina","code":"AR"},{"name":"Austràlia","code":"AU"},{"name":"Àustria","code":"AT"},{"name":"Azerbaidjan","code":"AZ"},{"name":"Bahrain","code":"BH"},{"name":"Bangladesh","code":"BD"},{"name":"Belarús","code":"BY"},{"name":"Bèlgica","code":"BE"},{"name":"Bolívia","code":"BO"},{"name":"Bòsnia i Hercegovina","code":"BA"},{"name":"Brasil","code":"BR"},{"name":"Bulgària","code":"BG"},{"name":"Cambodja","code":"KH"},{"name":"Canadà","code":"CA"},{"name":"Colòmbia","code":"CO"},{"name":"Corea del Sud","code":"KR"},{"name":"Costa Rica","code":"CR"},{"name":"Croàcia","code":"HR"},{"name":"Dinamarca","code":"DK"},{"name":"Egipte","code":"EG"},{"name":"El Salvador","code":"SV"},{"name":"Emirats Àrabs Units","code":"AE"},{"name":"Equador","code":"EC"},{"name":"Eslovàquia","code":"SK"},{"name":"Eslovènia","code":"SI"},{"name":"Espanya","code":"ES"},{"name":"Estats Units","code":"US"},{"name":"Estònia","code":"EE"},{"name":"Filipines","code":"PH"},{"name":"Finlàndia","code":"FI"},{"name":"França","code":"FR"},{"name":"Geòrgia","code":"GE"},{"name":"Ghana","code":"GH"},{"name":"Grècia","code":"GR"},{"name":"Guatemala","code":"GT"},{"name":"Hondures","code":"HN"},{"name":"Hong Kong","code":"HK"},{"name":"Hongria","code":"HU"},{"name":"Iemen","code":"YE"},{"name":"Índia","code":"IN"},{"name":"Indonèsia","code":"ID"},{"name":"Iraq","code":"IQ"},{"name":"Irlanda","code":"IE"},{"name":"Islàndia","code":"IS"},{"name":"Israel","code":"IL"},{"name":"Itàlia","code":"IT"},{"name":"Jamaica","code":"JM"},{"name":"Japó","code":"JP"},{"name":"Jordània","code":"JO"},{"name":"Kazakhstan","code":"KZ"},{"name":"Kenya","code":"KE"},{"name":"Kuwait","code":"KW"},{"name":"Lao","code":"LA"},{"name":"Letònia","code":"LV"},{"name":"Líban","code":"LB"},{"name":"Líbia","code":"LY"},{"name":"Liechtenstein","code":"LI"},{"name":"Lituània","code":"LT"},{"name":"Luxemburg","code":"LU"},{"name":"Macedònia del Nord","code":"MK"},{"name":"Malàisia","code":"MY"},{"name":"Malta","code":"MT"},{"name":"Marroc","code":"MA"},{"name":"Mèxic","code":"MX"},{"name":"Moldàvia","code":"MD"},{"name":"Montenegro","code":"ME"},{"name":"Nepal","code":"NP"},{"name":"Nicaragua","code":"NI"},{"name":"Nigèria","code":"NG"},{"name":"Noruega","code":"NO"},{"name":"Nova Zelanda","code":"NZ"},{"name":"Oman","code":"OM"},{"name":"Països Baixos","code":"NL"},{"name":"Pakistan","code":"PK"},{"name":"Panamà","code":"PA"},{"name":"Papua Nova Guinea","code":"PG"},{"name":"Paraguai","code":"PY"},{"name":"Perú","code":"PE"},{"name":"Polònia","code":"PL"},{"name":"Portugal","code":"PT"},{"name":"Puerto Rico","code":"PR"},{"name":"Qatar","code":"QA"},{"name":"Regne Unit","code":"GB"},{"name":"República Dominicana","code":"DO"},{"name":"Romania","code":"RO"},{"name":"Rússia","code":"RU"},{"name":"Senegal","code":"SN"},{"name":"Sèrbia","code":"RS"},{"name":"Singapur","code":"SG"},{"name":"Sri Lanka","code":"LK"},{"name":"Sud-àfrica","code":"ZA"},{"name":"Suècia","code":"SE"},{"name":"Suïssa","code":"CH"},{"name":"Tailàndia","code":"TH"},{"name":"Taiwan","code":"TW"},{"name":"Tanzània","code":"TZ"},{"name":"Tunísia","code":"TN"},{"name":"Turquia","code":"TR"},{"name":"Txèquia","code":"CZ"},{"name":"Ucraïna","code":"UA"},{"name":"Uganda","code":"UG"},{"name":"Uruguai","code":"UY"},{"name":"Veneçuela","code":"VE"},{"name":"Vietnam","code":"VN"},{"name":"Xile","code":"CL"},{"name":"Xipre","code":"CY"},{"name":"Zimbàbue","code":"ZW"}]