[{"name":"Alžírsko","code":"DZ"},{"name":"Argentina","code":"AR"},{"name":"Austrálie","code":"AU"},{"name":"Ázerbájdžán","code":"AZ"},{"name":"Bahrajn","code":"BH"},{"name":"Bangladéš","code":"BD"},{"name":"Belgie","code":"BE"},{"name":"Bělorusko","code":"BY"},{"name":"Bolívie","code":"BO"},{"name":"Bosna a Hercegovina","code":"BA"},{"name":"Brazílie","code":"BR"},{"name":"Bulharsko","code":"BG"},{"name":"Černá Hora","code":"ME"},{"name":"Česko","code":"CZ"},{"name":"Dánsko","code":"DK"},{"name":"Dominikánská republika","code":"DO"},{"name":"Egypt","code":"EG"},{"name":"Ekvádor","code":"EC"},{"name":"Estonsko","code":"EE"},{"name":"Filipíny","code":"PH"},{"name":"Finsko","code":"FI"},{"name":"Francie","code":"FR"},{"name":"Ghana","code":"GH"},{"name":"Gruzie","code":"GE"},{"name":"Guatemala","code":"GT"},{"name":"Honduras","code":"HN"},{"name":"Hongkong","code":"HK"},{"name":"Chile","code":"CL"},{"name":"Chorvatsko","code":"HR"},{"name":"Indie","code":"IN"},{"name":"Indonésie","code":"ID"},{"name":"Irák","code":"IQ"},{"name":"Irsko","code":"IE"},{"name":"Island","code":"IS"},{"name":"Itálie","code":"IT"},{"name":"Izrael","code":"IL"},{"name":"Jamajka","code":"JM"},{"name":"Japonsko","code":"JP"},{"name":"Jemen","code":"YE"},{"name":"Jihoafrická republika","code":"ZA"},{"name":"Jižní Korea","code":"KR"},{"name":"Jordánsko","code":"JO"},{"name":"Kambodža","code":"KH"},{"name":"Kanada","code":"CA"},{"name":"Katar","code":"QA"},{"name":"Kazachstán","code":"KZ"},{"name":"Keňa","code":"KE"},{"name":"Kolumbie","code":"CO"},{"name":"Kostarika","code":"CR"},{"name":"Kuvajt","code":"KW"},{"name":"Kypr","code":"CY"},{"name":"Laos","code":"LA"},{"name":"Libanon","code":"LB"},{"name":"Libye","code":"LY"},{"name":"Lichtenštejnsko","code":"LI"},{"name":"Litva","code":"LT"},{"name":"Lotyšsko","code":"LV"},{"name":"Lucembursko","code":"LU"},{"name":"Maďarsko","code":"HU"},{"name":"Malajsie","code":"MY"},{"name":"Malta","code":"MT"},{"name":"Maroko","code":"MA"},{"name":"Mexiko","code":"MX"},{"name":"Moldavsko","code":"MD"},{"name":"Německo","code":"DE"},{"name":"Nepál","code":"NP"},{"name":"Nigérie","code":"NG"},{"name":"Nikaragua","code":"NI"},{"name":"Nizozemsko","code":"NL"},{"name":"Norsko","code":"NO"},{"name":"Nový Zéland","code":"NZ"},{"name":"Omán","code":"OM"},{"name":"Pákistán","code":"PK"},{"name":"Panama","code":"PA"},{"name":"Papua Nová Guinea","code":"PG"},{"name":"Paraguay","code":"PY"},{"name":"Peru","code":"PE"},{"name":"Polsko","code":"PL"},{"name":"Portoriko","code":"PR"},{"name":"Portugalsko","code":"PT"},{"name":"Rakousko","code":"AT"},{"name":"Rumunsko","code":"RO"},{"name":"Rusko","code":"RU"},{"name":"Řecko","code":"GR"},{"name":"Salvador","code":"SV"},{"name":"Saúdská Arábie","code":"SA"},{"name":"Senegal","code":"SN"},{"name":"Severní Makedonie","code":"MK"},{"name":"Singapur","code":"SG"},{"name":"Slovensko","code":"SK"},{"name":"Slovinsko","code":"SI"},{"name":"Spojené arabské emiráty","code":"AE"},{"name":"Spojené království","code":"GB"},{"name":"Spojené státy","code":"US"},{"name":"Srbsko","code":"RS"},{"name":"Srí Lanka","code":"LK"},{"name":"Španělsko","code":"ES"},{"name":"Švédsko","code":"SE"},{"name":"Švýcarsko","code":"CH"},{"name":"Tanzánie","code":"TZ"},{"name":"Thajsko","code":"TH"},{"name":"Tchaj-wan","code":"TW"},{"name":"Tunisko","code":"TN"},{"name":"Turecko","code":"TR"},{"name":"Uganda","code":"UG"},{"name":"Ukrajina","code":"UA"},{"name":"Uruguay","code":"UY"},{"name":"Venezuela","code":"VE"},{"name":"Vietnam","code":"VN"},{"name":"Zimbabwe","code":"ZW"}]