[{"name":"Alemania","code":"DE"},{"name":"Arabia Saudí","code":"SA"},{"name":"Argelia","code":"DZ"},{"name":"Argentina","code":"AR"},{"name":"Australia","code":"AU"},{"name":"Austria","code":"AT"},{"name":"Azerbaiyán","code":"AZ"},{"name":"Bangladesh","code":"BD"},{"name":"Baréin","code":"BH"},{"name":"Bélgica","code":"BE"},{"name":"Bielorrusia","code":"BY"},{"name":"Bolivia","code":"BO"},{"name":"Bosnia y Herzegovina","code":"BA"},{"name":"Brasil","code":"BR"},{"name":"Bulgaria","code":"BG"},{"name":"Camboya","code":"KH"},{"name":"Canadá","code":"CA"},{"name":"Chequia","code":"CZ"},{"name":"Chile","code":"CL"},{"name":"Chipre","code":"CY"},{"name":"Colombia","code":"CO"},{"name":"Corea del Sur","code":"KR"},{"name":"Costa Rica","code":"CR"},{"name":"Croacia","code":"HR"},{"name":"Dinamarca","code":"DK"},{"name":"Ecuador","code":"EC"},{"name":"Egipto","code":"EG"},{"name":"El Líbano","code":"LB"},{"name":"El Salvador","code":"SV"},{"name":"Emiratos Árabes Unidos","code":"AE"},{"name":"Eslovaquia","code":"SK"},{"name":"Eslovenia","code":"SI"},{"name":"España","code":"ES"},{"name":"Estados Unidos","code":"US"},{"name":"Estonia","code":"EE"},{"name":"Filipinas","code":"PH"},{"name":"Finlandia","code":"FI"},{"name":"Francia","code":"FR"},{"name":"Georgia","code":"GE"},{"name":"Ghana","code":"GH"},{"name":"Grecia","code":"GR"},{"name":"Guatemala","code":"GT"},{"name":"Honduras","code":"HN"},{"name":"Hong Kong","code":"HK"},{"name":"Hungría","code":"HU"},{"name":"Indonesia","code":"ID"},{"name":"Iraq","code":"IQ"},{"name":"Irlanda","code":"IE"},{"name":"Islandia","code":"IS"},{"name":"Israel","code":"IL"},{"name":"Italia","code":"IT"},{"name":"Jamaica","code":"JM"},{"name":"Japón","code":"JP"},{"name":"Jordania","code":"JO"},{"name":"Kazajistán","code":"KZ"},{"name":"Kenia","code":"KE"},{"name":"Kuwait","code":"KW"},{"name":"La India","code":"IN"},{"name":"Laos","code":"LA"},{"name":"Letonia","code":"LV"},{"name":"Libia","code":"LY"},{"name":"Liechtenstein","code":"LI"},{"name":"Lituania","code":"LT"},{"name":"Luxemburgo","code":"LU"},{"name":"Macedonia del Norte","code":"MK"},{"name":"Malasia","code":"MY"},{"name":"Malta","code":"MT"},{"name":"Marruecos","code":"MA"},{"name":"México","code":"MX"},{"name":"Moldavia","code":"MD"},{"name":"Montenegro","code":"ME"},{"name":"Nepal","code":"NP"},{"name":"Nicaragua","code":"NI"},{"name":"Nigeria","code":"NG"},{"name":"Noruega","code":"NO"},{"name":"Nueva Zelanda","code":"NZ"},{"name":"Omán","code":"OM"},{"name":"Países Bajos","code":"NL"},{"name":"Pakistán","code":"PK"},{"name":"Panamá","code":"PA"},{"name":"Papúa-Nueva Guinea","code":"PG"},{"name":"Paraguay","code":"PY"},{"name":"Perú","code":"PE"},{"name":"Polonia","code":"PL"},{"name":"Portugal","code":"PT"},{"name":"Puerto Rico","code":"PR"},{"name":"Qatar","code":"QA"},{"name":"Reino Unido","code":"GB"},{"name":"República Dominicana","code":"DO"},{"name":"Rumanía","code":"RO"},{"name":"Rusia","code":"RU"},{"name":"Senegal","code":"SN"},{"name":"Serbia","code":"RS"},{"name":"Singapur","code":"SG"},{"name":"Sri Lanka","code":"LK"},{"name":"Sudáfrica","code":"ZA"},{"name":"Suecia","code":"SE"},{"name":"Suiza","code":"CH"},{"name":"Tailandia","code":"TH"},{"name":"Taiwán","code":"TW"},{"name":"Tanzania","code":"TZ"},{"name":"Túnez","code":"TN"},{"name":"Turquía","code":"TR"},{"name":"Ucrania","code":"UA"},{"name":"Uganda","code":"UG"},{"name":"Uruguay","code":"UY"},{"name":"Venezuela","code":"VE"},{"name":"Vietnam","code":"VN"},{"name":"Yemen","code":"YE"},{"name":"Zimbabue","code":"ZW"}]