[{"name":"آذربایجان","code":"AZ"},{"name":"آرژانتین","code":"AR"},{"name":"آلمان","code":"DE"},{"name":"اتریش","code":"AT"},{"name":"اردن","code":"JO"},{"name":"اسپانیا","code":"ES"},{"name":"استرالیا","code":"AU"},{"name":"استونی","code":"EE"},{"name":"اسرائیل","code":"IL"},{"name":"اسلواکی","code":"SK"},{"name":"اسلوونی","code":"SI"},{"name":"افریقای جنوبی","code":"ZA"},{"name":"اکراین","code":"UA"},{"name":"اکوادور","code":"EC"},{"name":"الجزایر","code":"DZ"},{"name":"السالوادور","code":"SV"},{"name":"امارات متحدهٔ عربی","code":"AE"},{"name":"اندونزی","code":"ID"},{"name":"انگلستان","code":"GB"},{"name":"اوروگوئه","code":"UY"},{"name":"اوگاندا","code":"UG"},{"name":"ایالات متحده","code":"US"},{"name":"ایتالیا","code":"IT"},{"name":"ایرلند","code":"IE"},{"name":"ایسلند","code":"IS"},{"name":"بحرین","code":"BH"},{"name":"برزیل","code":"BR"},{"name":"بلاروس","code":"BY"},{"name":"بلژیک","code":"BE"},{"name":"بلغارستان","code":"BG"},{"name":"بنگلادش","code":"BD"},{"name":"بوسنی و هرزگوین","code":"BA"},{"name":"بولیوی","code":"BO"},{"name":"پاپوآ گینه نو","code":"PG"},{"name":"پاراگوئه","code":"PY"},{"name":"پاکستان","code":"PK"},{"name":"پاناما","code":"PA"},{"name":"پرتغالی","code":"PT"},{"name":"پرو","code":"PE"},{"name":"پورتوریکو","code":"PR"},{"name":"تانزانیا","code":"TZ"},{"name":"تایلند","code":"TH"},{"name":"تایوان","code":"TW"},{"name":"ترکیه","code":"TR"},{"name":"تونس","code":"TN"},{"name":"جامائیکا","code":"JM"},{"name":"جمهوری چک","code":"CZ"},{"name":"جمهوری دومینیکن","code":"DO"},{"name":"دانمارک","code":"DK"},{"name":"روسیه","code":"RU"},{"name":"رومانی","code":"RO"},{"name":"زیمبابوه","code":"ZW"},{"name":"ژاپن","code":"JP"},{"name":"سری لانکا","code":"LK"},{"name":"سنگاپور","code":"SG"},{"name":"سنگال","code":"SN"},{"name":"سوئد","code":"SE"},{"name":"سوئیس","code":"CH"},{"name":"شیلی","code":"CL"},{"name":"صربستان","code":"RS"},{"name":"عراق","code":"IQ"},{"name":"عربستان سعودی","code":"SA"},{"name":"عمان","code":"OM"},{"name":"غنا","code":"GH"},{"name":"فرانسه","code":"FR"},{"name":"فنلاند","code":"FI"},{"name":"فیلیپین","code":"PH"},{"name":"قبرس","code":"CY"},{"name":"قزاقستان","code":"KZ"},{"name":"قطر","code":"QA"},{"name":"کاستاریکا","code":"CR"},{"name":"کانادا","code":"CA"},{"name":"کرواسی","code":"HR"},{"name":"کرهٔ جنوبی","code":"KR"},{"name":"کلمبیا","code":"CO"},{"name":"کمبوجیه","code":"KH"},{"name":"کنیا","code":"KE"},{"name":"کویت","code":"KW"},{"name":"گرجستان","code":"GE"},{"name":"گواتمالا","code":"GT"},{"name":"لائوس","code":"LA"},{"name":"لبنان","code":"LB"},{"name":"لتونی","code":"LV"},{"name":"لوکزامبورگ","code":"LU"},{"name":"لهستان","code":"PL"},{"name":"لیبی","code":"LY"},{"name":"لیتوانی","code":"LT"},{"name":"لیختن اشتاین","code":"LI"},{"name":"مالت","code":"MT"},{"name":"مالزی","code":"MY"},{"name":"مجارستان","code":"HU"},{"name":"مراکش","code":"MA"},{"name":"مصر","code":"EG"},{"name":"مقدونیه شمالی","code":"MK"},{"name":"مکزیک","code":"MX"},{"name":"مولداوی","code":"MD"},{"name":"مونته‌نگرو","code":"ME"},{"name":"نپال","code":"NP"},{"name":"نروژ","code":"NO"},{"name":"نیجریه","code":"NG"},{"name":"نیکاراگوئه","code":"NI"},{"name":"نیوزلند","code":"NZ"},{"name":"ونزوئلا","code":"VE"},{"name":"ویتنام","code":"VN"},{"name":"هلند","code":"NL"},{"name":"هند","code":"IN"},{"name":"هندوراس","code":"HN"},{"name":"هنگ کنگ","code":"HK"},{"name":"یمن","code":"YE"},{"name":"یونان","code":"GR"}]