[{"name":"Alankomaat","code":"NL"},{"name":"Algeria","code":"DZ"},{"name":"Arabiemiirikunnat","code":"AE"},{"name":"Argentiina","code":"AR"},{"name":"Australia","code":"AU"},{"name":"Azerbaidžan","code":"AZ"},{"name":"Bahrain","code":"BH"},{"name":"Bangladesh","code":"BD"},{"name":"Belgia","code":"BE"},{"name":"Bolivia","code":"BO"},{"name":"Bosnia ja Hertsegovina","code":"BA"},{"name":"Brasilia","code":"BR"},{"name":"Bulgaria","code":"BG"},{"name":"Chile","code":"CL"},{"name":"Costa Rica","code":"CR"},{"name":"Dominikaaninen tasavalta","code":"DO"},{"name":"Ecuador","code":"EC"},{"name":"Egypti","code":"EG"},{"name":"El Salvador","code":"SV"},{"name":"Espanja","code":"ES"},{"name":"Etelä-Afrikka","code":"ZA"},{"name":"Etelä-Korea","code":"KR"},{"name":"Filippiinit","code":"PH"},{"name":"Georgia","code":"GE"},{"name":"Ghana","code":"GH"},{"name":"Guatemala","code":"GT"},{"name":"Honduras","code":"HN"},{"name":"Hongkong","code":"HK"},{"name":"Indonesia","code":"ID"},{"name":"Intia","code":"IN"},{"name":"Irak","code":"IQ"},{"name":"Irlanti","code":"IE"},{"name":"Islanti","code":"IS"},{"name":"Israel","code":"IL"},{"name":"Italia","code":"IT"},{"name":"Itävalta","code":"AT"},{"name":"Jamaika","code":"JM"},{"name":"Japani","code":"JP"},{"name":"Jemen","code":"YE"},{"name":"Jordania","code":"JO"},{"name":"Kambodža","code":"KH"},{"name":"Kanada","code":"CA"},{"name":"Kazakstan","code":"KZ"},{"name":"Kenia","code":"KE"},{"name":"Kolumbia","code":"CO"},{"name":"Kreikka","code":"GR"},{"name":"Kroatia","code":"HR"},{"name":"Kuwait","code":"KW"},{"name":"Kypros","code":"CY"},{"name":"Laos","code":"LA"},{"name":"Latvia","code":"LV"},{"name":"Libanon","code":"LB"},{"name":"Libya","code":"LY"},{"name":"Liechtenstein","code":"LI"},{"name":"Liettua","code":"LT"},{"name":"Luxemburg","code":"LU"},{"name":"Malesia","code":"MY"},{"name":"Malta","code":"MT"},{"name":"Marokko","code":"MA"},{"name":"Meksiko","code":"MX"},{"name":"Moldova","code":"MD"},{"name":"Montenegro","code":"ME"},{"name":"Nepal","code":"NP"},{"name":"Nicaragua","code":"NI"},{"name":"Nigeria","code":"NG"},{"name":"Norja","code":"NO"},{"name":"Oman","code":"OM"},{"name":"Pakistan","code":"PK"},{"name":"Panama","code":"PA"},{"name":"Papua-Uusi-Guinea","code":"PG"},{"name":"Paraguay","code":"PY"},{"name":"Peru","code":"PE"},{"name":"Pohjois-Makedonia","code":"MK"},{"name":"Portugali","code":"PT"},{"name":"Puerto Rico","code":"PR"},{"name":"Puola","code":"PL"},{"name":"Qatar","code":"QA"},{"name":"Ranska","code":"FR"},{"name":"Romania","code":"RO"},{"name":"Ruotsi","code":"SE"},{"name":"Saksa","code":"DE"},{"name":"Saudi-Arabia","code":"SA"},{"name":"Senegal","code":"SN"},{"name":"Serbia","code":"RS"},{"name":"Singapore","code":"SG"},{"name":"Slovakia","code":"SK"},{"name":"Slovenia","code":"SI"},{"name":"Sri Lanka","code":"LK"},{"name":"Suomi","code":"FI"},{"name":"Sveitsi","code":"CH"},{"name":"Taiwan","code":"TW"},{"name":"Tansania","code":"TZ"},{"name":"Tanska","code":"DK"},{"name":"Thaimaa","code":"TH"},{"name":"Tšekki","code":"CZ"},{"name":"Tunisia","code":"TN"},{"name":"Turkki","code":"TR"},{"name":"Uganda","code":"UG"},{"name":"Ukraina","code":"UA"},{"name":"Unkari","code":"HU"},{"name":"Uruguay","code":"UY"},{"name":"Uusi-Seelanti","code":"NZ"},{"name":"Valko-Venäjä","code":"BY"},{"name":"Venezuela","code":"VE"},{"name":"Venäjä","code":"RU"},{"name":"Vietnam","code":"VN"},{"name":"Viro","code":"EE"},{"name":"Yhdistynyt kuningaskunta","code":"GB"},{"name":"Yhdysvallat","code":"US"},{"name":"Zimbabwe","code":"ZW"}]