[{"name":"Afrique du Sud","code":"ZA"},{"name":"Algérie","code":"DZ"},{"name":"Allemagne","code":"DE"},{"name":"Arabie saoudite","code":"SA"},{"name":"Argentine","code":"AR"},{"name":"Australie","code":"AU"},{"name":"Autriche","code":"AT"},{"name":"Azerbaïdjan","code":"AZ"},{"name":"Bahreïn","code":"BH"},{"name":"Bangladesh","code":"BD"},{"name":"Belgique","code":"BE"},{"name":"Biélorussie","code":"BY"},{"name":"Bolivie","code":"BO"},{"name":"Bosnie-Herzégovine","code":"BA"},{"name":"Brésil","code":"BR"},{"name":"Bulgarie","code":"BG"},{"name":"Cambodge","code":"KH"},{"name":"Canada","code":"CA"},{"name":"Chili","code":"CL"},{"name":"Chypre","code":"CY"},{"name":"Colombie","code":"CO"},{"name":"Corée du Sud","code":"KR"},{"name":"Costa Rica","code":"CR"},{"name":"Croatie","code":"HR"},{"name":"Danemark","code":"DK"},{"name":"Égypte","code":"EG"},{"name":"Émirats Arabes Unis","code":"AE"},{"name":"Équateur","code":"EC"},{"name":"Espagne","code":"ES"},{"name":"Estonie","code":"EE"},{"name":"États-Unis","code":"US"},{"name":"Finlande","code":"FI"},{"name":"France","code":"FR"},{"name":"Georgia","code":"GE"},{"name":"Ghana","code":"GH"},{"name":"Grèce","code":"GR"},{"name":"Guatemala","code":"GT"},{"name":"Honduras","code":"HN"},{"name":"Hong Kong","code":"HK"},{"name":"Hongrie","code":"HU"},{"name":"Inde","code":"IN"},{"name":"Indonésie","code":"ID"},{"name":"Irak","code":"IQ"},{"name":"Irlande","code":"IE"},{"name":"Islande","code":"IS"},{"name":"Israël","code":"IL"},{"name":"Italie","code":"IT"},{"name":"Jamaïque","code":"JM"},{"name":"Japon","code":"JP"},{"name":"Jordanie","code":"JO"},{"name":"Kazakhstan","code":"KZ"},{"name":"Kenya","code":"KE"},{"name":"Koweït","code":"KW"},{"name":"Laos","code":"LA"},{"name":"Lettonie","code":"LV"},{"name":"Liban","code":"LB"},{"name":"Libye","code":"LY"},{"name":"Liechtenstein","code":"LI"},{"name":"Lituanie","code":"LT"},{"name":"Luxembourg","code":"LU"},{"name":"Macédoine du Nord","code":"MK"},{"name":"Malaisie","code":"MY"},{"name":"Malte","code":"MT"},{"name":"Maroc","code":"MA"},{"name":"Mexique","code":"MX"},{"name":"Moldavie","code":"MD"},{"name":"Monténégro","code":"ME"},{"name":"Népal","code":"NP"},{"name":"Nicaragua","code":"NI"},{"name":"Nigeria","code":"NG"},{"name":"Norvège","code":"NO"},{"name":"Nouvelle-Zélande","code":"NZ"},{"name":"Oman","code":"OM"},{"name":"Ouganda","code":"UG"},{"name":"Pakistan","code":"PK"},{"name":"Panama","code":"PA"},{"name":"Papouasie-Nouvelle Guinée","code":"PG"},{"name":"Paraguay","code":"PY"},{"name":"Pays-Bas","code":"NL"},{"name":"Pérou","code":"PE"},{"name":"Philippines","code":"PH"},{"name":"Pologne","code":"PL"},{"name":"Porto Rico","code":"PR"},{"name":"Portugal","code":"PT"},{"name":"Qatar","code":"QA"},{"name":"République Dominicaine","code":"DO"},{"name":"Roumanie","code":"RO"},{"name":"Royaume-Uni","code":"GB"},{"name":"Russie","code":"RU"},{"name":"Salvador","code":"SV"},{"name":"Sénégal","code":"SN"},{"name":"Serbie","code":"RS"},{"name":"Singapour","code":"SG"},{"name":"Slovaquie","code":"SK"},{"name":"Slovénie","code":"SI"},{"name":"Sri Lanka","code":"LK"},{"name":"Suède","code":"SE"},{"name":"Suisse","code":"CH"},{"name":"Taïwan","code":"TW"},{"name":"Tanzanie","code":"TZ"},{"name":"Tchéquie","code":"CZ"},{"name":"Thaïlande","code":"TH"},{"name":"Tunisie","code":"TN"},{"name":"Turquie","code":"TR"},{"name":"Ukraine","code":"UA"},{"name":"Uruguay","code":"UY"},{"name":"Venezuela","code":"VE"},{"name":"Vietnam","code":"VN"},{"name":"Yémen","code":"YE"},{"name":"Zimbabwe","code":"ZW"}]