[{"name":"אוגנדה","code":"UG"},{"name":"אוסטריה","code":"AT"},{"name":"אוסטרליה","code":"AU"},{"name":"אוקראינה","code":"UA"},{"name":"אורוגוואי","code":"UY"},{"name":"אזרביג'ן","code":"AZ"},{"name":"איחוד האמירויות הערביות","code":"AE"},{"name":"איטליה","code":"IT"},{"name":"אינדונזיה","code":"ID"},{"name":"איסלנד","code":"IS"},{"name":"אירלנד","code":"IE"},{"name":"אל סלבדור","code":"SV"},{"name":"אלג'יריה","code":"DZ"},{"name":"אסטוניה","code":"EE"},{"name":"אקוודור","code":"EC"},{"name":"ארגנטינה","code":"AR"},{"name":"ארצות הברית","code":"US"},{"name":"בולגריה","code":"BG"},{"name":"בוליביה","code":"BO"},{"name":"בוסניה והרצוגובינה","code":"BA"},{"name":"בחריין","code":"BH"},{"name":"בלגיה","code":"BE"},{"name":"בלרוס","code":"BY"},{"name":"בנגלדש","code":"BD"},{"name":"ברזיל","code":"BR"},{"name":"בריטניה","code":"GB"},{"name":"ג'מייקה","code":"JM"},{"name":"גאנה","code":"GH"},{"name":"גווטמלה","code":"GT"},{"name":"גיאורגיה","code":"GE"},{"name":"גרמניה","code":"DE"},{"name":"דנמרק","code":"DK"},{"name":"דרום אפריקה","code":"ZA"},{"name":"דרום קוריאה","code":"KR"},{"name":"הודו","code":"IN"},{"name":"הולנד","code":"NL"},{"name":"הונג קונג","code":"HK"},{"name":"הונגריה","code":"HU"},{"name":"הונדורס","code":"HN"},{"name":"הפיליפינים","code":"PH"},{"name":"הרפובליקה הדומיניקנית","code":"DO"},{"name":"וייטנאם","code":"VN"},{"name":"ונצואלה","code":"VE"},{"name":"זימבבואה","code":"ZW"},{"name":"טורקיה","code":"TR"},{"name":"טייוואן","code":"TW"},{"name":"טנזניה","code":"TZ"},{"name":"יוון","code":"GR"},{"name":"יפן","code":"JP"},{"name":"ירדן","code":"JO"},{"name":"ישראל","code":"IL"},{"name":"כוויית","code":"KW"},{"name":"לאוס","code":"LA"},{"name":"לבנון","code":"LB"},{"name":"לוב","code":"LY"},{"name":"לוקסמבורג","code":"LU"},{"name":"לטביה","code":"LV"},{"name":"ליטא","code":"LT"},{"name":"ליכטנשטיין","code":"LI"},{"name":"מולדובה","code":"MD"},{"name":"מונטנגרו","code":"ME"},{"name":"מלזיה","code":"MY"},{"name":"מלטה","code":"MT"},{"name":"מצרים","code":"EG"},{"name":"מקדוניה הצפונית","code":"MK"},{"name":"מקסיקו","code":"MX"},{"name":"מרוקו","code":"MA"},{"name":"נורווגיה","code":"NO"},{"name":"ניגריה","code":"NG"},{"name":"ניו זילנד","code":"NZ"},{"name":"ניקרגואה","code":"NI"},{"name":"נפאל","code":"NP"},{"name":"סינגפור","code":"SG"},{"name":"סלובניה","code":"SI"},{"name":"סלובקיה","code":"SK"},{"name":"סנגל","code":"SN"},{"name":"ספרד","code":"ES"},{"name":"סרביה","code":"RS"},{"name":"סרי לנקה","code":"LK"},{"name":"עומאן","code":"OM"},{"name":"עירק","code":"IQ"},{"name":"ערב הסעודית","code":"SA"},{"name":"פוארטו ריקו","code":"PR"},{"name":"פולין","code":"PL"},{"name":"פורטוגל","code":"PT"},{"name":"פינלנד","code":"FI"},{"name":"פנמה","code":"PA"},{"name":"פפואה גיניאה החדשה","code":"PG"},{"name":"פקיסטן","code":"PK"},{"name":"פרגוואי","code":"PY"},{"name":"פרו","code":"PE"},{"name":"צ'ילה","code":"CL"},{"name":"צ'כיה","code":"CZ"},{"name":"צרפת","code":"FR"},{"name":"קולומביה","code":"CO"},{"name":"קוסטה ריקה","code":"CR"},{"name":"קזחסטן","code":"KZ"},{"name":"קטאר","code":"QA"},{"name":"קמבודיה","code":"KH"},{"name":"קנדה","code":"CA"},{"name":"קניה","code":"KE"},{"name":"קפריסין","code":"CY"},{"name":"קרואטיה","code":"HR"},{"name":"רומניה","code":"RO"},{"name":"רוסיה","code":"RU"},{"name":"שוודיה","code":"SE"},{"name":"שווייץ","code":"CH"},{"name":"תאילנד","code":"TH"},{"name":"תוניסיה","code":"TN"},{"name":"תימן","code":"YE"}]