[{"name":"Algéria","code":"DZ"},{"name":"Argentína","code":"AR"},{"name":"Ausztrália","code":"AU"},{"name":"Ausztria","code":"AT"},{"name":"Azerbajdzsán","code":"AZ"},{"name":"Bahrein","code":"BH"},{"name":"Banglades","code":"BD"},{"name":"Belarusz","code":"BY"},{"name":"Belgium","code":"BE"},{"name":"Bolívia","code":"BO"},{"name":"Bosznia és Hercegovina","code":"BA"},{"name":"Brazília","code":"BR"},{"name":"Bulgária","code":"BG"},{"name":"Chile","code":"CL"},{"name":"Ciprus","code":"CY"},{"name":"Costa Rica","code":"CR"},{"name":"Csehország","code":"CZ"},{"name":"Dánia","code":"DK"},{"name":"Dél-Afrika","code":"ZA"},{"name":"Dél-Korea","code":"KR"},{"name":"Dominikai Köztársaság","code":"DO"},{"name":"Ecuador","code":"EC"},{"name":"Egyesült Államok","code":"US"},{"name":"Egyesült Arab Emírségek","code":"AE"},{"name":"Egyesült Királyság","code":"GB"},{"name":"Egyiptom","code":"EG"},{"name":"El Salvador","code":"SV"},{"name":"Észak-Macedónia","code":"MK"},{"name":"Észtország","code":"EE"},{"name":"Finnország","code":"FI"},{"name":"Franciaország","code":"FR"},{"name":"Fülöp-szigetek","code":"PH"},{"name":"Ghána","code":"GH"},{"name":"Görögország","code":"GR"},{"name":"Grúzia","code":"GE"},{"name":"Guatemala","code":"GT"},{"name":"Hollandia","code":"NL"},{"name":"Honduras","code":"HN"},{"name":"Hongkong","code":"HK"},{"name":"Horvátország","code":"HR"},{"name":"India","code":"IN"},{"name":"Indonézia","code":"ID"},{"name":"Irak","code":"IQ"},{"name":"Írország","code":"IE"},{"name":"Izland","code":"IS"},{"name":"Izrael","code":"IL"},{"name":"Jamaica","code":"JM"},{"name":"Japán","code":"JP"},{"name":"Jemen","code":"YE"},{"name":"Jordánia","code":"JO"},{"name":"Kambodzsa","code":"KH"},{"name":"Kanada","code":"CA"},{"name":"Katar","code":"QA"},{"name":"Kazahsztán","code":"KZ"},{"name":"Kenya","code":"KE"},{"name":"Kolumbia","code":"CO"},{"name":"Kuvait","code":"KW"},{"name":"Laosz","code":"LA"},{"name":"Lengyelország","code":"PL"},{"name":"Lettország","code":"LV"},{"name":"Libanon","code":"LB"},{"name":"Líbia","code":"LY"},{"name":"Liechtenstein","code":"LI"},{"name":"Litvánia","code":"LT"},{"name":"Luxemburg","code":"LU"},{"name":"Magyarország","code":"HU"},{"name":"Malajzia","code":"MY"},{"name":"Málta","code":"MT"},{"name":"Marokkó","code":"MA"},{"name":"Mexikó","code":"MX"},{"name":"Moldova","code":"MD"},{"name":"Montenegró","code":"ME"},{"name":"Németország","code":"DE"},{"name":"Nepál","code":"NP"},{"name":"Nicaragua","code":"NI"},{"name":"Nigéria","code":"NG"},{"name":"Norvégia","code":"NO"},{"name":"Olaszország","code":"IT"},{"name":"Omán","code":"OM"},{"name":"Oroszország","code":"RU"},{"name":"Pakisztán","code":"PK"},{"name":"Panama","code":"PA"},{"name":"Pápua Új-Guinea","code":"PG"},{"name":"Paraguay","code":"PY"},{"name":"Peru","code":"PE"},{"name":"Portugália","code":"PT"},{"name":"Puerto Rico","code":"PR"},{"name":"Románia","code":"RO"},{"name":"Spanyolország","code":"ES"},{"name":"Srí Lanka","code":"LK"},{"name":"Svájc","code":"CH"},{"name":"Svédország","code":"SE"},{"name":"Szaúd-Arábia","code":"SA"},{"name":"Szenegál","code":"SN"},{"name":"Szerbia","code":"RS"},{"name":"Szingapúr","code":"SG"},{"name":"Szlovákia","code":"SK"},{"name":"Szlovénia","code":"SI"},{"name":"Tajvan","code":"TW"},{"name":"Tanzánia","code":"TZ"},{"name":"Thaiföld","code":"TH"},{"name":"Törökország","code":"TR"},{"name":"Tunézia","code":"TN"},{"name":"Uganda","code":"UG"},{"name":"Új-Zéland","code":"NZ"},{"name":"Ukrajna","code":"UA"},{"name":"Uruguay","code":"UY"},{"name":"Venezuela","code":"VE"},{"name":"Vietnam","code":"VN"},{"name":"Zimbabwe","code":"ZW"}]