[{"name":"Afrika Selatan","code":"ZA"},{"name":"Aljazair","code":"DZ"},{"name":"Amerika Serikat","code":"US"},{"name":"Arab Saudi","code":"SA"},{"name":"Argentina","code":"AR"},{"name":"Australia","code":"AU"},{"name":"Austria","code":"AT"},{"name":"Azerbaijan","code":"AZ"},{"name":"Bahrain","code":"BH"},{"name":"Bangladesh","code":"BD"},{"name":"Belanda","code":"NL"},{"name":"Belarus","code":"BY"},{"name":"Belgia","code":"BE"},{"name":"Bolivia","code":"BO"},{"name":"Bosnia dan Herzegovina","code":"BA"},{"name":"Brasil","code":"BR"},{"name":"Bulgaria","code":"BG"},{"name":"Ceko","code":"CZ"},{"name":"Cile","code":"CL"},{"name":"Costa Rica","code":"CR"},{"name":"Denmark","code":"DK"},{"name":"Ekuador","code":"EC"},{"name":"El Salvador","code":"SV"},{"name":"Estonia","code":"EE"},{"name":"Filipina","code":"PH"},{"name":"Finlandia","code":"FI"},{"name":"Georgia","code":"GE"},{"name":"Ghana","code":"GH"},{"name":"Guatemala","code":"GT"},{"name":"Honduras","code":"HN"},{"name":"Hong Kong","code":"HK"},{"name":"Hungaria","code":"HU"},{"name":"India","code":"IN"},{"name":"Indonesia","code":"ID"},{"name":"Inggris","code":"GB"},{"name":"Irak","code":"IQ"},{"name":"Irlandia","code":"IE"},{"name":"Islandia","code":"IS"},{"name":"Israel","code":"IL"},{"name":"Italia","code":"IT"},{"name":"Jamaika","code":"JM"},{"name":"Jepang","code":"JP"},{"name":"Jerman","code":"DE"},{"name":"Kamboja","code":"KH"},{"name":"Kanada","code":"CA"},{"name":"Kazakhstan","code":"KZ"},{"name":"Kenya","code":"KE"},{"name":"Kolombia","code":"CO"},{"name":"Korea Selatan","code":"KR"},{"name":"Kroasia","code":"HR"},{"name":"Kuwait","code":"KW"},{"name":"Laos","code":"LA"},{"name":"Latvia","code":"LV"},{"name":"Lebanon","code":"LB"},{"name":"Libya","code":"LY"},{"name":"Liechtenstein","code":"LI"},{"name":"Lituania","code":"LT"},{"name":"Luksemburg","code":"LU"},{"name":"Makedonia Utara","code":"MK"},{"name":"Malaysia","code":"MY"},{"name":"Malta","code":"MT"},{"name":"Maroko","code":"MA"},{"name":"Meksiko","code":"MX"},{"name":"Mesir","code":"EG"},{"name":"Moldova","code":"MD"},{"name":"Montenegro","code":"ME"},{"name":"Nepal","code":"NP"},{"name":"Nigeria","code":"NG"},{"name":"Nikaragua","code":"NI"},{"name":"Norwegia","code":"NO"},{"name":"Oman","code":"OM"},{"name":"Pakistan","code":"PK"},{"name":"Panama","code":"PA"},{"name":"Papua Nugini","code":"PG"},{"name":"Paraguay","code":"PY"},{"name":"Peru","code":"PE"},{"name":"Polandia","code":"PL"},{"name":"Portugal","code":"PT"},{"name":"Prancis","code":"FR"},{"name":"Puerto Riko","code":"PR"},{"name":"Qatar","code":"QA"},{"name":"Republik Dominika","code":"DO"},{"name":"Rumania","code":"RO"},{"name":"Rusia","code":"RU"},{"name":"Selandia Baru","code":"NZ"},{"name":"Senegal","code":"SN"},{"name":"Serbia","code":"RS"},{"name":"Singapura","code":"SG"},{"name":"Siprus","code":"CY"},{"name":"Slovakia","code":"SK"},{"name":"Slovenia","code":"SI"},{"name":"Spanyol","code":"ES"},{"name":"Sri Lanka","code":"LK"},{"name":"Swedia","code":"SE"},{"name":"Swiss","code":"CH"},{"name":"Taiwan","code":"TW"},{"name":"Tanzania","code":"TZ"},{"name":"Thailand","code":"TH"},{"name":"Tunisia","code":"TN"},{"name":"Turki","code":"TR"},{"name":"Uganda","code":"UG"},{"name":"Ukraina","code":"UA"},{"name":"Uni Emirat Arab","code":"AE"},{"name":"Uruguay","code":"UY"},{"name":"Venezuela","code":"VE"},{"name":"Vietnam","code":"VN"},{"name":"Yaman","code":"YE"},{"name":"Yordania","code":"JO"},{"name":"Yunani","code":"GR"},{"name":"Zimbabwe","code":"ZW"}]