[{"name":"África do Sul","code":"ZA"},{"name":"Alemanha","code":"DE"},{"name":"Arábia Saudita","code":"SA"},{"name":"Argélia","code":"DZ"},{"name":"Argentina","code":"AR"},{"name":"Austrália","code":"AU"},{"name":"Áustria","code":"AT"},{"name":"Azerbaijão","code":"AZ"},{"name":"Bangladesh","code":"BD"},{"name":"Barein","code":"BH"},{"name":"Bélgica","code":"BE"},{"name":"Bielorrússia","code":"BY"},{"name":"Bolívia","code":"BO"},{"name":"Bósnia-Herzegovina","code":"BA"},{"name":"Brasil","code":"BR"},{"name":"Bulgária","code":"BG"},{"name":"Camboja","code":"KH"},{"name":"Canadá","code":"CA"},{"name":"Catar","code":"QA"},{"name":"Cazaquistão","code":"KZ"},{"name":"Chile","code":"CL"},{"name":"Chipre","code":"CY"},{"name":"Colômbia","code":"CO"},{"name":"Coréia do Sul","code":"KR"},{"name":"Costa Rica","code":"CR"},{"name":"Croácia","code":"HR"},{"name":"Dinamarca","code":"DK"},{"name":"Egito","code":"EG"},{"name":"El Salvador","code":"SV"},{"name":"Emirados Árabes Unidos","code":"AE"},{"name":"Equador","code":"EC"},{"name":"Eslováquia","code":"SK"},{"name":"Eslovênia","code":"SI"},{"name":"Espanha","code":"ES"},{"name":"Estados Unidos","code":"US"},{"name":"Estônia","code":"EE"},{"name":"Filipinas","code":"PH"},{"name":"Finlândia","code":"FI"},{"name":"França","code":"FR"},{"name":"Gana","code":"GH"},{"name":"Georgia","code":"GE"},{"name":"Grécia","code":"GR"},{"name":"Guatemala","code":"GT"},{"name":"Honduras","code":"HN"},{"name":"Hong Kong","code":"HK"},{"name":"Hungria","code":"HU"},{"name":"Iêmen","code":"YE"},{"name":"Índia","code":"IN"},{"name":"Indonésia","code":"ID"},{"name":"Iraque","code":"IQ"},{"name":"Irlanda","code":"IE"},{"name":"Islândia","code":"IS"},{"name":"Israel","code":"IL"},{"name":"Itália","code":"IT"},{"name":"Jamaica","code":"JM"},{"name":"Japão","code":"JP"},{"name":"Jordânia","code":"JO"},{"name":"Kuwait","code":"KW"},{"name":"Laos","code":"LA"},{"name":"Letônia","code":"LV"},{"name":"Líbano","code":"LB"},{"name":"Líbia","code":"LY"},{"name":"Liechtenstein","code":"LI"},{"name":"Lituânia","code":"LT"},{"name":"Luxemburgo","code":"LU"},{"name":"Macedônia do Norte","code":"MK"},{"name":"Malásia","code":"MY"},{"name":"Malta","code":"MT"},{"name":"Marrocos","code":"MA"},{"name":"México","code":"MX"},{"name":"Moldávia","code":"MD"},{"name":"Montenegro","code":"ME"},{"name":"Nepal","code":"NP"},{"name":"Nicarágua","code":"NI"},{"name":"Nigéria","code":"NG"},{"name":"Noruega","code":"NO"},{"name":"Nova Zelândia","code":"NZ"},{"name":"Omã","code":"OM"},{"name":"Países Baixos","code":"NL"},{"name":"Panamá","code":"PA"},{"name":"Papua-Nova Guiné","code":"PG"},{"name":"Paquistão","code":"PK"},{"name":"Paraguai","code":"PY"},{"name":"Peru","code":"PE"},{"name":"Polônia","code":"PL"},{"name":"Porto Rico","code":"PR"},{"name":"Portugal","code":"PT"},{"name":"Quênia","code":"KE"},{"name":"Reino Unido","code":"GB"},{"name":"República Dominicana","code":"DO"},{"name":"República Tcheca","code":"CZ"},{"name":"Romênia","code":"RO"},{"name":"Rússia","code":"RU"},{"name":"Senegal","code":"SN"},{"name":"Sérvia","code":"RS"},{"name":"Singapura","code":"SG"},{"name":"Sri Lanka","code":"LK"},{"name":"Suécia","code":"SE"},{"name":"Suíça","code":"CH"},{"name":"Tailândia","code":"TH"},{"name":"Taiwan","code":"TW"},{"name":"Tanzânia","code":"TZ"},{"name":"Tunísia","code":"TN"},{"name":"Turquia","code":"TR"},{"name":"Ucrânia","code":"UA"},{"name":"Uganda","code":"UG"},{"name":"Uruguai","code":"UY"},{"name":"Venezuela","code":"VE"},{"name":"Vietnã","code":"VN"},{"name":"Zimbábue","code":"ZW"}]