[{"name":"Africa de Sud","code":"ZA"},{"name":"Algeria","code":"DZ"},{"name":"Arabia Saudită","code":"SA"},{"name":"Argentina","code":"AR"},{"name":"Australia","code":"AU"},{"name":"Austria","code":"AT"},{"name":"Azerbaidjan","code":"AZ"},{"name":"Bahrein","code":"BH"},{"name":"Bangladesh","code":"BD"},{"name":"Belarus","code":"BY"},{"name":"Belgia","code":"BE"},{"name":"Bolivia","code":"BO"},{"name":"Bosnia și Herțegovina","code":"BA"},{"name":"Brazilia","code":"BR"},{"name":"Bulgaria","code":"BG"},{"name":"Cambodgia","code":"KH"},{"name":"Canada","code":"CA"},{"name":"Cehia","code":"CZ"},{"name":"Chile","code":"CL"},{"name":"Cipru","code":"CY"},{"name":"Columbia","code":"CO"},{"name":"Coreea de Sud","code":"KR"},{"name":"Costa Rica","code":"CR"},{"name":"Croația","code":"HR"},{"name":"Danemarca","code":"DK"},{"name":"Ecuador","code":"EC"},{"name":"Egipt","code":"EG"},{"name":"El Salvador","code":"SV"},{"name":"Elveția","code":"CH"},{"name":"Emiratele Arabe Unite","code":"AE"},{"name":"Estonia","code":"EE"},{"name":"Filipine","code":"PH"},{"name":"Finlanda","code":"FI"},{"name":"Franța","code":"FR"},{"name":"Georgia","code":"GE"},{"name":"Germania","code":"DE"},{"name":"Ghana","code":"GH"},{"name":"Grecia","code":"GR"},{"name":"Guatemala","code":"GT"},{"name":"Honduras","code":"HN"},{"name":"Hong Kong","code":"HK"},{"name":"India","code":"IN"},{"name":"Indonezia","code":"ID"},{"name":"Iordania","code":"JO"},{"name":"Irak","code":"IQ"},{"name":"Irlanda","code":"IE"},{"name":"Islanda","code":"IS"},{"name":"Israel","code":"IL"},{"name":"Italia","code":"IT"},{"name":"Jamaica","code":"JM"},{"name":"Japonia","code":"JP"},{"name":"Kazahstan","code":"KZ"},{"name":"Kenya","code":"KE"},{"name":"Kuweit","code":"KW"},{"name":"Laos","code":"LA"},{"name":"Letonia","code":"LV"},{"name":"Liban","code":"LB"},{"name":"Libia","code":"LY"},{"name":"Liechtenstein","code":"LI"},{"name":"Lituania","code":"LT"},{"name":"Luxemburg","code":"LU"},{"name":"Macedonia de Nord","code":"MK"},{"name":"Malaezia","code":"MY"},{"name":"Malta","code":"MT"},{"name":"Maroc","code":"MA"},{"name":"Mexic","code":"MX"},{"name":"Moldova","code":"MD"},{"name":"Muntenegru","code":"ME"},{"name":"Nepal","code":"NP"},{"name":"Nicaragua","code":"NI"},{"name":"Nigeria","code":"NG"},{"name":"Norvegia","code":"NO"},{"name":"Noua Zeelandă","code":"NZ"},{"name":"Oman","code":"OM"},{"name":"Pakistan","code":"PK"},{"name":"Panama","code":"PA"},{"name":"Papua Noua Guinee","code":"PG"},{"name":"Paraguay","code":"PY"},{"name":"Peru","code":"PE"},{"name":"Polonia","code":"PL"},{"name":"Portugalia","code":"PT"},{"name":"Puerto Rico","code":"PR"},{"name":"Qatar","code":"QA"},{"name":"Regatul Unit","code":"GB"},{"name":"Republica Dominicană","code":"DO"},{"name":"România","code":"RO"},{"name":"Rusia","code":"RU"},{"name":"Senegal","code":"SN"},{"name":"Serbia","code":"RS"},{"name":"Singapore","code":"SG"},{"name":"Slovacia","code":"SK"},{"name":"Slovenia","code":"SI"},{"name":"Spania","code":"ES"},{"name":"Sri Lanka","code":"LK"},{"name":"Statele Unite ale Americii","code":"US"},{"name":"Suedia","code":"SE"},{"name":"Taiwan","code":"TW"},{"name":"Tanzania","code":"TZ"},{"name":"Thailanda","code":"TH"},{"name":"Tunisia","code":"TN"},{"name":"Turcia","code":"TR"},{"name":"Țările de Jos","code":"NL"},{"name":"Ucraina","code":"UA"},{"name":"Uganda","code":"UG"},{"name":"Ungaria","code":"HU"},{"name":"Uruguay","code":"UY"},{"name":"Venezuela","code":"VE"},{"name":"Vietnam","code":"VN"},{"name":"Yemen","code":"YE"},{"name":"Zimbabwe","code":"ZW"}]