[{"name":"Almanya","code":"DE"},{"name":"Amerika Birleşik Devletleri","code":"US"},{"name":"Arjantin","code":"AR"},{"name":"Avustralya","code":"AU"},{"name":"Avusturya","code":"AT"},{"name":"Azerbaycan","code":"AZ"},{"name":"Bahreyn","code":"BH"},{"name":"Bangladeş","code":"BD"},{"name":"Belarus","code":"BY"},{"name":"Belçika","code":"BE"},{"name":"Birleşik Arap Emirlikleri","code":"AE"},{"name":"Bolivya","code":"BO"},{"name":"Bosna ve Hersek","code":"BA"},{"name":"Brezilya","code":"BR"},{"name":"Bulgaristan","code":"BG"},{"name":"Cezayir","code":"DZ"},{"name":"Çekya","code":"CZ"},{"name":"Danimarka","code":"DK"},{"name":"Dominik Cumhuriyeti","code":"DO"},{"name":"Ekvador","code":"EC"},{"name":"El Salvador","code":"SV"},{"name":"Endonezya","code":"ID"},{"name":"Estonya","code":"EE"},{"name":"Fas","code":"MA"},{"name":"Filipinler","code":"PH"},{"name":"Finlandiya","code":"FI"},{"name":"Fransa","code":"FR"},{"name":"Gana","code":"GH"},{"name":"Guatemala","code":"GT"},{"name":"Güney Afrika","code":"ZA"},{"name":"Güney Kıbrıs Rum Yönetimi","code":"CY"},{"name":"Güney Kore","code":"KR"},{"name":"Gürcistan","code":"GE"},{"name":"Hırvatistan","code":"HR"},{"name":"Hindistan","code":"IN"},{"name":"Hollanda","code":"NL"},{"name":"Honduras","code":"HN"},{"name":"Hong Kong","code":"HK"},{"name":"Irak","code":"IQ"},{"name":"İngiltere","code":"GB"},{"name":"İrlanda","code":"IE"},{"name":"İspanya","code":"ES"},{"name":"İsrail","code":"IL"},{"name":"İsveç","code":"SE"},{"name":"İsviçre","code":"CH"},{"name":"İtalya","code":"IT"},{"name":"İzlanda","code":"IS"},{"name":"Jamaika","code":"JM"},{"name":"Japonya","code":"JP"},{"name":"Kamboçya","code":"KH"},{"name":"Kanada","code":"CA"},{"name":"Karadağ","code":"ME"},{"name":"Katar","code":"QA"},{"name":"Kazakistan","code":"KZ"},{"name":"Kenya","code":"KE"},{"name":"Kolombiya","code":"CO"},{"name":"Kosta Rika","code":"CR"},{"name":"Kuveyt","code":"KW"},{"name":"Kuzey Makedonya","code":"MK"},{"name":"Laos","code":"LA"},{"name":"Letonya","code":"LV"},{"name":"Libya","code":"LY"},{"name":"Liechtenstein","code":"LI"},{"name":"Litvanya","code":"LT"},{"name":"Lübnan","code":"LB"},{"name":"Lüksemburg","code":"LU"},{"name":"Macaristan","code":"HU"},{"name":"Malezya","code":"MY"},{"name":"Malta","code":"MT"},{"name":"Meksika","code":"MX"},{"name":"Mısır","code":"EG"},{"name":"Moldova","code":"MD"},{"name":"Nepal","code":"NP"},{"name":"Nijerya","code":"NG"},{"name":"Nikaragua","code":"NI"},{"name":"Norveç","code":"NO"},{"name":"Pakistan","code":"PK"},{"name":"Panama","code":"PA"},{"name":"Papua Yeni Gine","code":"PG"},{"name":"Paraguay","code":"PY"},{"name":"Peru","code":"PE"},{"name":"Polonya","code":"PL"},{"name":"Portekiz","code":"PT"},{"name":"Porto Riko","code":"PR"},{"name":"Romanya","code":"RO"},{"name":"Rusya","code":"RU"},{"name":"Senegal","code":"SN"},{"name":"Sırbistan","code":"RS"},{"name":"Singapur","code":"SG"},{"name":"Slovakya","code":"SK"},{"name":"Slovenya","code":"SI"},{"name":"Sri Lanka","code":"LK"},{"name":"Suudi Arabistan","code":"SA"},{"name":"Şili","code":"CL"},{"name":"Tanzanya","code":"TZ"},{"name":"Tayland","code":"TH"},{"name":"Tayvan","code":"TW"},{"name":"Tunus","code":"TN"},{"name":"Türkiye","code":"TR"},{"name":"Uganda","code":"UG"},{"name":"Ukrayna","code":"UA"},{"name":"Umman","code":"OM"},{"name":"Uruguay","code":"UY"},{"name":"Ürdün","code":"JO"},{"name":"Venezuela","code":"VE"},{"name":"Vietnam","code":"VN"},{"name":"Yemen","code":"YE"},{"name":"Yeni Zelanda","code":"NZ"},{"name":"Yunanistan","code":"GR"},{"name":"Zimbabve","code":"ZW"}]