[{"name":"阿尔及利亚","code":"DZ"},{"name":"阿根廷","code":"AR"},{"name":"阿拉伯联合酋长国","code":"AE"},{"name":"阿曼","code":"OM"},{"name":"阿塞拜疆","code":"AZ"},{"name":"埃及","code":"EG"},{"name":"爱尔兰","code":"IE"},{"name":"爱沙尼亚","code":"EE"},{"name":"奥地利","code":"AT"},{"name":"澳大利亚","code":"AU"},{"name":"巴布亚新几内亚","code":"PG"},{"name":"巴基斯坦","code":"PK"},{"name":"巴拉圭","code":"PY"},{"name":"巴林","code":"BH"},{"name":"巴拿马","code":"PA"},{"name":"巴西","code":"BR"},{"name":"白俄罗斯","code":"BY"},{"name":"保加利亚","code":"BG"},{"name":"北马其顿","code":"MK"},{"name":"比利时","code":"BE"},{"name":"冰岛","code":"IS"},{"name":"波多黎各","code":"PR"},{"name":"波兰","code":"PL"},{"name":"波斯尼亚和黑塞哥维那","code":"BA"},{"name":"玻利维亚","code":"BO"},{"name":"丹麦","code":"DK"},{"name":"德国","code":"DE"},{"name":"多米尼加共和国","code":"DO"},{"name":"俄罗斯","code":"RU"},{"name":"厄瓜多尔","code":"EC"},{"name":"法国","code":"FR"},{"name":"菲律宾","code":"PH"},{"name":"芬兰","code":"FI"},{"name":"哥伦比亚","code":"CO"},{"name":"哥斯达黎加","code":"CR"},{"name":"格鲁吉亚共和国","code":"GE"},{"name":"哈萨克斯坦","code":"KZ"},{"name":"韩国","code":"KR"},{"name":"荷兰","code":"NL"},{"name":"黑山共和国","code":"ME"},{"name":"洪都拉斯","code":"HN"},{"name":"加拿大","code":"CA"},{"name":"加纳","code":"GH"},{"name":"柬埔寨","code":"KH"},{"name":"捷克","code":"CZ"},{"name":"津巴布韦","code":"ZW"},{"name":"卡塔尔","code":"QA"},{"name":"科威特","code":"KW"},{"name":"克罗地亚","code":"HR"},{"name":"肯尼亚","code":"KE"},{"name":"拉脱维亚","code":"LV"},{"name":"老挝","code":"LA"},{"name":"黎巴嫩","code":"LB"},{"name":"立陶宛","code":"LT"},{"name":"利比亚","code":"LY"},{"name":"列支敦士登","code":"LI"},{"name":"卢森堡公国","code":"LU"},{"name":"罗马尼亚","code":"RO"},{"name":"马耳他","code":"MT"},{"name":"马来西亚","code":"MY"},{"name":"美国","code":"US"},{"name":"孟加拉国","code":"BD"},{"name":"秘鲁","code":"PE"},{"name":"摩尔多瓦","code":"MD"},{"name":"摩洛哥","code":"MA"},{"name":"墨西哥","code":"MX"},{"name":"南非","code":"ZA"},{"name":"尼加拉瓜","code":"NI"},{"name":"尼泊尔","code":"NP"},{"name":"尼日利亚","code":"NG"},{"name":"挪威","code":"NO"},{"name":"葡萄牙","code":"PT"},{"name":"日本","code":"JP"},{"name":"瑞典","code":"SE"},{"name":"瑞士","code":"CH"},{"name":"萨尔瓦多","code":"SV"},{"name":"塞尔维亚","code":"RS"},{"name":"塞内加尔","code":"SN"},{"name":"塞浦路斯","code":"CY"},{"name":"沙特阿拉伯","code":"SA"},{"name":"斯里兰卡","code":"LK"},{"name":"斯洛伐克","code":"SK"},{"name":"斯洛文尼亚","code":"SI"},{"name":"台湾","code":"TW"},{"name":"泰国","code":"TH"},{"name":"坦桑尼亚","code":"TZ"},{"name":"突尼斯","code":"TN"},{"name":"土耳其","code":"TR"},{"name":"危地马拉","code":"GT"},{"name":"委内瑞拉","code":"VE"},{"name":"乌干达","code":"UG"},{"name":"乌克兰","code":"UA"},{"name":"乌拉圭","code":"UY"},{"name":"西班牙","code":"ES"},{"name":"希腊","code":"GR"},{"name":"香港","code":"HK"},{"name":"新加坡","code":"SG"},{"name":"新西兰","code":"NZ"},{"name":"匈牙利","code":"HU"},{"name":"牙买加","code":"JM"},{"name":"也门","code":"YE"},{"name":"伊拉克","code":"IQ"},{"name":"以色列","code":"IL"},{"name":"意大利","code":"IT"},{"name":"印度","code":"IN"},{"name":"印尼","code":"ID"},{"name":"英国","code":"GB"},{"name":"约旦","code":"JO"},{"name":"越南","code":"VN"},{"name":"智利","code":"CL"}]