[{"name":"土耳其","code":"TR"},{"name":"丹麥","code":"DK"},{"name":"厄瓜多","code":"EC"},{"name":"巴布亞紐幾內亞","code":"PG"},{"name":"巴西","code":"BR"},{"name":"巴拉圭","code":"PY"},{"name":"巴林","code":"BH"},{"name":"巴拿馬","code":"PA"},{"name":"巴基斯坦","code":"PK"},{"name":"日本","code":"JP"},{"name":"比利時","code":"BE"},{"name":"牙買加","code":"JM"},{"name":"以色列","code":"IL"},{"name":"加拿大","code":"CA"},{"name":"北馬其頓","code":"MK"},{"name":"卡達","code":"QA"},{"name":"台灣","code":"TW"},{"name":"尼加拉瓜","code":"NI"},{"name":"尼泊爾","code":"NP"},{"name":"瓜地馬拉","code":"GT"},{"name":"白俄羅斯","code":"BY"},{"name":"立陶宛","code":"LT"},{"name":"伊拉克","code":"IQ"},{"name":"冰島","code":"IS"},{"name":"列支敦士登","code":"LI"},{"name":"匈牙利","code":"HU"},{"name":"印尼","code":"ID"},{"name":"印度","code":"IN"},{"name":"多明尼加共和國","code":"DO"},{"name":"西班牙","code":"ES"},{"name":"克羅埃西亞","code":"HR"},{"name":"利比亞","code":"LY"},{"name":"宏都拉斯","code":"HN"},{"name":"希臘","code":"GR"},{"name":"沙烏地阿拉伯","code":"SA"},{"name":"辛巴威","code":"ZW"},{"name":"亞賽拜然","code":"AZ"},{"name":"坦尚尼亞","code":"TZ"},{"name":"奈及利亞","code":"NG"},{"name":"委內瑞拉","code":"VE"},{"name":"孟加拉","code":"BD"},{"name":"拉脫維亞","code":"LV"},{"name":"法國","code":"FR"},{"name":"波士尼亞-赫塞哥維納","code":"BA"},{"name":"波多黎克","code":"PR"},{"name":"波蘭","code":"PL"},{"name":"肯亞","code":"KE"},{"name":"芬蘭","code":"FI"},{"name":"阿拉伯聯合大公國","code":"AE"},{"name":"阿根廷","code":"AR"},{"name":"阿曼","code":"OM"},{"name":"阿爾及利亞","code":"DZ"},{"name":"俄羅斯","code":"RU"},{"name":"保加利亞","code":"BG"},{"name":"南非","code":"ZA"},{"name":"南韓","code":"KR"},{"name":"哈薩克","code":"KZ"},{"name":"柬埔寨","code":"KH"},{"name":"玻利維亞","code":"BO"},{"name":"科威特","code":"KW"},{"name":"突尼西亞","code":"TN"},{"name":"約旦","code":"JO"},{"name":"美國","code":"US"},{"name":"英國","code":"GB"},{"name":"迦納","code":"GH"},{"name":"香港","code":"HK"},{"name":"哥倫比亞","code":"CO"},{"name":"哥斯大黎加","code":"CR"},{"name":"埃及","code":"EG"},{"name":"挪威","code":"NO"},{"name":"泰國","code":"TH"},{"name":"烏干達","code":"UG"},{"name":"烏克蘭","code":"UA"},{"name":"烏拉圭","code":"UY"},{"name":"秘魯","code":"PE"},{"name":"紐西蘭","code":"NZ"},{"name":"馬來西亞","code":"MY"},{"name":"馬爾他","code":"MT"},{"name":"捷克","code":"CZ"},{"name":"荷蘭","code":"NL"},{"name":"喬治亞","code":"GE"},{"name":"斯里蘭卡","code":"LK"},{"name":"斯洛伐克","code":"SK"},{"name":"斯洛維尼亞","code":"SI"},{"name":"智利","code":"CL"},{"name":"菲律賓","code":"PH"},{"name":"越南","code":"VN"},{"name":"塞內加爾","code":"SN"},{"name":"塞爾維亞","code":"RS"},{"name":"奧地利","code":"AT"},{"name":"愛沙尼亞","code":"EE"},{"name":"愛爾蘭","code":"IE"},{"name":"新加坡","code":"SG"},{"name":"瑞士","code":"CH"},{"name":"瑞典","code":"SE"},{"name":"義大利","code":"IT"},{"name":"葉門","code":"YE"},{"name":"葡萄牙","code":"PT"},{"name":"蒙特內哥羅","code":"ME"},{"name":"寮國","code":"LA"},{"name":"德國","code":"DE"},{"name":"摩洛哥","code":"MA"},{"name":"摩爾多瓦","code":"MD"},{"name":"黎巴嫩","code":"LB"},{"name":"墨西哥","code":"MX"},{"name":"澳洲","code":"AU"},{"name":"盧森堡","code":"LU"},{"name":"賽普勒斯","code":"CY"},{"name":"薩爾瓦多","code":"SV"},{"name":"羅馬尼亞","code":"RO"}]